workload,sut_report,sut_label,task_id,runtime
archeology,complete_R1,complete_R1,archeology-hard-1,201.0875
archeology,complete_R1,complete_R1,archeology-hard-2,112.2105
archeology,complete_R1,complete_R1,archeology-easy-3,37.1762
archeology,complete_R1,complete_R1,archeology-easy-4,50.7194
archeology,complete_R1,complete_R1,archeology-hard-5,204.2902
archeology,complete_R1,complete_R1,archeology-easy-6,51.5045
archeology,complete_R1,complete_R1,archeology-hard-7,44.0871
archeology,complete_R1,complete_R1,archeology-easy-8,105.3002
archeology,complete_R1,complete_R1,archeology-hard-9,191.3235
archeology,complete_R1,complete_R1,archeology-easy-10,36.1732
archeology,complete_R1,complete_R1,archeology-easy-11,90.7551
archeology,complete_R1,complete_R1,archeology-hard-12,188.4804
archeology,without_R1,without_R1,archeology-hard-1,139.7323
archeology,without_R1,without_R1,archeology-hard-2,82.5952
archeology,without_R1,without_R1,archeology-easy-3,45.1052
archeology,without_R1,without_R1,archeology-easy-4,150.7489
archeology,without_R1,without_R1,archeology-hard-5,161.3275
archeology,without_R1,without_R1,archeology-easy-6,22.7008
archeology,without_R1,without_R1,archeology-hard-7,69.7219
archeology,without_R1,without_R1,archeology-easy-8,130.2816
archeology,without_R1,without_R1,archeology-hard-9,289.7747
archeology,without_R1,without_R1,archeology-easy-10,42.6934
archeology,without_R1,without_R1,archeology-easy-11,86.4352
archeology,without_R1,without_R1,archeology-hard-12,290.4195
archeology,complete_R2,complete_R2,archeology-hard-1,250.831
archeology,complete_R2,complete_R2,archeology-hard-2,206.2178
archeology,complete_R2,complete_R2,archeology-easy-3,51.7434
archeology,complete_R2,complete_R2,archeology-easy-4,101.5459
archeology,complete_R2,complete_R2,archeology-hard-5,233.5281
archeology,complete_R2,complete_R2,archeology-easy-6,183.9849
archeology,complete_R2,complete_R2,archeology-hard-7,88.2643
archeology,complete_R2,complete_R2,archeology-easy-8,126.4637
archeology,complete_R2,complete_R2,archeology-hard-9,413.3824
archeology,complete_R2,complete_R2,archeology-easy-10,53.1442
archeology,complete_R2,complete_R2,archeology-easy-11,61.6336
archeology,complete_R2,complete_R2,archeology-hard-12,246.3883
archeology,without_R2,without_R2,archeology-hard-1,249.082
archeology,without_R2,without_R2,archeology-hard-2,505.9808
archeology,without_R2,without_R2,archeology-easy-3,157.3259
archeology,without_R2,without_R2,archeology-easy-4,111.3534
archeology,without_R2,without_R2,archeology-hard-5,256.8766
archeology,without_R2,without_R2,archeology-easy-6,54.4296
archeology,without_R2,without_R2,archeology-hard-7,62.2361
archeology,without_R2,without_R2,archeology-easy-8,147.6161
archeology,without_R2,without_R2,archeology-hard-9,196.3325
archeology,without_R2,without_R2,archeology-easy-10,31.1087
archeology,without_R2,without_R2,archeology-easy-11,91.0394
archeology,without_R2,without_R2,archeology-hard-12,248.2134
archeology,complete_R3,complete_R3,archeology-hard-1,272.5512
archeology,complete_R3,complete_R3,archeology-hard-2,109.8854
archeology,complete_R3,complete_R3,archeology-easy-3,68.8101
archeology,complete_R3,complete_R3,archeology-easy-4,196.1215
archeology,complete_R3,complete_R3,archeology-hard-5,209.6456
archeology,complete_R3,complete_R3,archeology-easy-6,177.353
archeology,complete_R3,complete_R3,archeology-hard-7,215.3088
archeology,complete_R3,complete_R3,archeology-easy-8,294.5174
archeology,complete_R3,complete_R3,archeology-hard-9,152.603
archeology,complete_R3,complete_R3,archeology-easy-10,110.0062
archeology,complete_R3,complete_R3,archeology-easy-11,133.4678
archeology,complete_R3,complete_R3,archeology-hard-12,272.2329
archeology,without_R3,without_R3,archeology-hard-1,345.1076
archeology,without_R3,without_R3,archeology-hard-2,154.3626
archeology,without_R3,without_R3,archeology-easy-3,64.3126
archeology,without_R3,without_R3,archeology-easy-4,112.0346
archeology,without_R3,without_R3,archeology-hard-5,195.4608
archeology,without_R3,without_R3,archeology-easy-6,28.9838
archeology,without_R3,without_R3,archeology-hard-7,44.5926
archeology,without_R3,without_R3,archeology-easy-8,100.124
archeology,without_R3,without_R3,archeology-hard-9,100.069
archeology,without_R3,without_R3,archeology-easy-10,46.9922
archeology,without_R3,without_R3,archeology-easy-11,66.5761
archeology,without_R3,without_R3,archeology-hard-12,448.6098
biomedical,complete_R1,complete_R1,biomedical-hard-1,594.1456
biomedical,complete_R1,complete_R1,biomedical-easy-2,53.7591
biomedical,complete_R1,complete_R1,biomedical-hard-3,171.3846
biomedical,complete_R1,complete_R1,biomedical-hard-4,1090.3766
biomedical,complete_R1,complete_R1,biomedical-hard-5,450.9705
biomedical,complete_R1,complete_R1,biomedical-easy-6,92.8953
biomedical,complete_R1,complete_R1,biomedical-hard-7,143.9897
biomedical,complete_R1,complete_R1,biomedical-hard-8,1497.3536
biomedical,complete_R1,complete_R1,biomedical-easy-9,212.7493
biomedical,without_R1,without_R1,biomedical-hard-1,1670.8446
biomedical,without_R1,without_R1,biomedical-easy-2,49.6694
biomedical,without_R1,without_R1,biomedical-hard-3,77.6007
biomedical,without_R1,without_R1,biomedical-hard-4,863.361
biomedical,without_R1,without_R1,biomedical-hard-5,49.3682
biomedical,without_R1,without_R1,biomedical-easy-6,53.6979
biomedical,without_R1,without_R1,biomedical-hard-7,52.2484
biomedical,without_R1,without_R1,biomedical-hard-8,667.2977
biomedical,without_R1,without_R1,biomedical-easy-9,544.0035
legal,complete_R1,complete_R1,legal-hard-1,282.1895
legal,complete_R1,complete_R1,legal-hard-2,391.566
legal,complete_R1,complete_R1,legal-easy-3,126.2332
legal,complete_R1,complete_R1,legal-easy-4,372.7256
legal,complete_R1,complete_R1,legal-easy-5,44.4319
legal,complete_R1,complete_R1,legal-hard-6,97.1133
legal,complete_R1,complete_R1,legal-hard-7,164.5984
legal,complete_R1,complete_R1,legal-hard-8,71.1214
legal,complete_R1,complete_R1,legal-easy-9,37.2821
legal,complete_R1,complete_R1,legal-easy-10,54.3719
legal,complete_R1,complete_R1,legal-easy-11,75.1166
legal,complete_R1,complete_R1,legal-easy-12,48.1052
legal,complete_R1,complete_R1,legal-easy-13,53.1509
legal,complete_R1,complete_R1,legal-hard-14,96.0249
legal,complete_R1,complete_R1,legal-hard-15,125.8976
legal,complete_R1,complete_R1,legal-hard-16,243.8442
legal,complete_R1,complete_R1,legal-hard-17,171.2079
legal,complete_R1,complete_R1,legal-hard-18,62.0227
legal,complete_R1,complete_R1,legal-easy-19,108.5638
legal,complete_R1,complete_R1,legal-easy-20,55.8553
legal,complete_R1,complete_R1,legal-easy-21,45.401
legal,complete_R1,complete_R1,legal-hard-22,142.271
legal,complete_R1,complete_R1,legal-hard-23,84.215
legal,complete_R1,complete_R1,legal-hard-24,159.4646
legal,complete_R1,complete_R1,legal-easy-25,76.3873
legal,complete_R1,complete_R1,legal-easy-26,45.1666
legal,complete_R1,complete_R1,legal-easy-27,81.7145
legal,complete_R1,complete_R1,legal-hard-28,83.6567
legal,complete_R1,complete_R1,legal-hard-29,135.2528
legal,complete_R1,complete_R1,legal-hard-30,70.918
legal,without_R1,without_R1,legal-hard-1,296.3033
legal,without_R1,without_R1,legal-hard-2,214.7225
legal,without_R1,without_R1,legal-easy-3,36.267
legal,without_R1,without_R1,legal-easy-4,165.3606
legal,without_R1,without_R1,legal-easy-5,39.5948
legal,without_R1,without_R1,legal-hard-6,60.7535
legal,without_R1,without_R1,legal-hard-7,70.8638
legal,without_R1,without_R1,legal-hard-8,32.0012
legal,without_R1,without_R1,legal-easy-9,73.9297
legal,without_R1,without_R1,legal-easy-10,69.8026
legal,without_R1,without_R1,legal-easy-11,114.9032
legal,without_R1,without_R1,legal-easy-12,31.0662
legal,without_R1,without_R1,legal-easy-13,34.7502
legal,without_R1,without_R1,legal-hard-14,57.2021
legal,without_R1,without_R1,legal-hard-15,151.7855
legal,without_R1,without_R1,legal-hard-16,126.7555
legal,without_R1,without_R1,legal-hard-17,57.998
legal,without_R1,without_R1,legal-hard-18,71.0146
legal,without_R1,without_R1,legal-easy-19,73.0882
legal,without_R1,without_R1,legal-easy-20,31.7149
legal,without_R1,without_R1,legal-easy-21,46.5923
legal,without_R1,without_R1,legal-hard-22,64.6485
legal,without_R1,without_R1,legal-hard-23,98.2803
legal,without_R1,without_R1,legal-hard-24,100.4695
legal,without_R1,without_R1,legal-easy-25,40.1249
legal,without_R1,without_R1,legal-easy-26,42.0127
legal,without_R1,without_R1,legal-easy-27,32.1228
legal,without_R1,without_R1,legal-hard-28,94.2149
legal,without_R1,without_R1,legal-hard-29,0.0
legal,without_R1,without_R1,legal-hard-30,97.6342
